[Header],,,,,
FileFormatVersion,2,,,,
RunName,Nie1-2_Vargas3_khan4_07162021,,,,
InstrumentPlatform,NovaSeq6k,,,,
InstrumentType,NovaSeq,,,,
,,,,,
[Reads],,,,,
Read1Cycles,28,,,,
Read2Cycles,91,,,,
Index1Cycles,10,,,,
Index2Cycles,10,,,,
,,,,,
[BCLConvert_Settings],,,,,
SoftwareVersion,V2.20.0.422,,,,
,,,,,
[BCLConvert_Data],,,,,
Lane,Sample_ID,Sample_Name,Sample_Project,index,index2
3,SI-TT-D6,776-32,P08232021,CCCAGCTTCT,GTTTGGTGTC
3,SI-TT-E6,776-43,P08232021,TTGAGAGTCA,CTACCAGGTT
3,SI-TT-B7,776-47-V5,P08232021,GCCTTCGGTA,AAATCGTTGG
3,SI-TT-C7,STARR051,P08232021,CGCGCACTTA,AGAATACAGG
3,SI-TT-D7,766-38_Fat,P08232021,CCTGTCAGGG,GTTACGGGCT
3,SI-TT-E7,766-38_Muscle,P08232021,GTCCTTCGGC,CTGTGCATGA
3,SI-TT-F7,776-49,P08232021,AATGTATCCA,TAAGCTCATT
