[Header],,,,,,,,,,,
IEMFileVersion,5,,,,,,,,,,
Date,6/16/2022,,,,,,,,,,
Workflow,GenerateFASTQ,,,,,,,,,,
Application,NovaSeq FASTQ Only,,,,,,,,,,
Instrument Type,NovaSeq,,,,,,,,,,
Assay,Illumina DNA Prep,,,,,,,,,,
Index Adapters,IDT-Ilmn DNA-RNA UD Indexes SetA Tagmentation,,,,,,,,,,
Chemistry,Amplicon,,,,,,,,,,
,,,,,,,,,,,
[Reads],,,,,,,,,,,
151,,,,,,,,,,,
151,,,,,,,,,,,
,,,,,,,,,,,
[Settings],,,,,,,,,,,
Adapter,CTGTCTCTTATACACATCT,,,,,,,,,,
,,,,,,,,,,,
[Data],,,,,,,,,,,
Lane,Sample_ID,Sample_Name,Sample_Plate,Sample_Well,Index_Plate_Well,I7_Index_ID,index,I5_Index_ID,index2,Sample_Project,Description
1,STARR_026,STARR_026,,,,,CGTGCAGA,,,Nie_P20220001,
1,STARR_041,STARR_041,,,,,GTCTCTCG,,,Nie_P20220001,
1,STARR_043,STARR_043,,,,,ATTTGCTA,,,Nie_P20220001,
1,STARR_059,STARR_059,,,,,GCAGTATAGG,,GTGCACGGAA,Nie_P20220001,
1,STARR_060,STARR_060,,,,,GCAGTATAGG,,GTGCACGGAA,Nie_P20220001,
1,STARR_063,STARR_063,,,,,CCCGTTCTCG,,CCAATCCGTC,Nie_P20220001,
2,STARR_071,STARR_071,,,,,TGATGATTCA,,CGACTCCTAC,Nie_P20220004,
2,STARR_069,STARR_069,,,,,GTAACATGCG,,AGGTAACACT,Nie_P20220004,
2,STARR_073,STARR_073,,,,,GTGGATCAAA,,CAGGGTTGGC,Nie_P20220004,
2,STARR_072,STARR_072,,,,,CACTACGAAA,,ATCAGTCTAA,Nie_P20220004,
3,STARR_075,STARR_075,,,,,CTCTAGCGAG,,GATGAAGATA,Nie_P20220005,
3,STARR_077,STARR_077,,,,,GTAGCCCTGT,,ATAGATGCTC,Nie_P20220005,
3,STARR_077_FZ,STARR_077_FZ,,,,,TAACGCGTGA,,GAAGTTAGGG,Nie_P20220005,
3,STARR_077_LS,STARR_077_LS,,,,,TCCCAAGGGT,,AAAGGTAGTA,Nie_P20220005,
3,STARR_079,STARR_079,,,,,CGAAGTATAC,,CTCCAAGTTC,Nie_P20220005,
4,khan10X,khan10X,,,,,,,,Khan10X_06162022,
